<?xml version="1.0" encoding="UTF-8"?>
<project-private xmlns="http://www.netbeans.org/ns/project-private/1">
    <editor-bookmarks xmlns="http://www.netbeans.org/ns/editor-bookmarks/2" lastBookmarkId="0"/>
    <open-files xmlns="http://www.netbeans.org/ns/projectui-open-files/2">
        <group>
            <file>file:/C:/Users/alex2/OneDrive/NBCC/2021-2022/Adv%20Java/Final%20Project/Buzzlet2/src/java/BusinessLayer/BuzzletBL.java</file>
            <file>file:/C:/Users/alex2/OneDrive/NBCC/2021-2022/Adv%20Java/Final%20Project/Buzzlet2/web/index.xhtml</file>
            <file>file:/C:/Users/alex2/OneDrive/NBCC/2021-2022/Adv%20Java/Final%20Project/Buzzlet2/src/java/BackingBeans/QuizBackingBean.java</file>
            <file>file:/C:/Users/alex2/OneDrive/NBCC/2021-2022/Adv%20Java/Final%20Project/Buzzlet2/web/QuizEditor.jsp</file>
            <file>file:/C:/Users/alex2/OneDrive/NBCC/2021-2022/Adv%20Java/Final%20Project/Buzzlet2/web/TakeQuiz.xhtml</file>
            <file>file:/C:/Users/alex2/OneDrive/NBCC/2021-2022/Adv%20Java/Final%20Project/Buzzlet2/web/Register.jsp</file>
            <file>file:/C:/Users/alex2/OneDrive/NBCC/2021-2022/Adv%20Java/Final%20Project/Buzzlet2/src/java/BackingBeans/QuizTakingController.java</file>
        </group>
    </open-files>
</project-private>
